Workbook

Sheet Data
A1: SaaS Unit Economics Tracker - Data
A4: Month | B4: Beginning MRR | C4: New MRR | D4: Expansion | E4: Contraction | F4: Churn | G4: Ending MRR | H4: New Customers | I4: Churned Customers | J4: ARPA ($/mo) | K4: S&M Spend | L4: CAC | M4: Net New MRR | N4: NRR
A5: 45292 | B5: 220000 | C5: 18000 | D5: 6500 | E5: 2200 | F5: 9500 | G5: =B5+C5+D5-E5-F5 | H5: =IF(J5=0,0,ROUND(C5/J5,0)) | I5: =IF(J5=0,0,ROUND(F5/J5,0)) | J5: 320 | K5: 78000 | L5: =IF(H5=0,"-",K5/H5) | M5: =G5-B5 | N5: =IF(B5=0,"-",(B5+D5-E5-F5)/B5)
A6: 45352 | B6: =G5 | C6: 18350 | D6: 6620 | E6: 2240 | F6: 9590 | G6: =B6+C6+D6-E6-F6 | H6: =IF(J6=0,0,ROUND(C6/J6,0)) | I6: =IF(J6=0,0,ROUND(F6/J6,0)) | J6: 320 | K6: 78900 | L6: =IF(H6=0,"-",K6/H6) | M6: =G6-B6 | N6: =IF(B6=0,"-",(B6+D6-E6-F6)/B6)
A7: 45383 | B7: =G6 | C7: 18700 | D7: 6740 | E7: 2280 | F7: 9680 | G7: =B7+C7+D7-E7-F7 | H7: =IF(J7=0,0,ROUND(C7/J7,0)) | I7: =IF(J7=0,0,ROUND(F7/J7,0)) | J7: 320 | K7: 79800 | L7: =IF(H7=0,"-",K7/H7) | M7: =G7-B7 | N7: =IF(B7=0,"-",(B7+D7-E7-F7)/B7)
A8: 45413 | B8: =G7 | C8: 19050 | D8: 6860 | E8: 2320 | F8: 9770 | G8: =B8+C8+D8-E8-F8 | H8: =IF(J8=0,0,ROUND(C8/J8,0)) | I8: =IF(J8=0,0,ROUND(F8/J8,0)) | J8: 320 | K8: 80700 | L8: =IF(H8=0,"-",K8/H8) | M8: =G8-B8 | N8: =IF(B8=0,"-",(B8+D8-E8-F8)/B8)
A9: 45444 | B9: =G8 | C9: 19400 | D9: 6980 | E9: 2360 | F9: 9860 | G9: =B9+C9+D9-E9-F9 | H9: =IF(J9=0,0,ROUND(C9/J9,0)) | I9: =IF(J9=0,0,ROUND(F9/J9,0)) | J9: 320 | K9: 81600 | L9: =IF(H9=0,"-",K9/H9) | M9: =G9-B9 | N9: =IF(B9=0,"-",(B9+D9-E9-F9)/B9)
A10: 45474 | B10: =G9 | C10: 19750 | D10: 7100 | E10: 2400 | F10: 9950 | G10: =B10+C10+D10-E10-F10 | H10: =IF(J10=0,0,ROUND(C10/J10,0)) | I10: =IF(J10=0,0,ROUND(F10/J10,0)) | J10: 320 | K10: 82500 | L10: =IF(H10=0,"-",K10/H10) | M10: =G10-B10 | N10: =IF(B10=0,"-",(B10+D10-E10-F10)/B10)
A11: 45505 | B11: =G10 | C11: 20100 | D11: 7220 | E11: 2440 | F11: 10040 | G11: =B11+C11+D11-E11-F11 | H11: =IF(J11=0,0,ROUND(C11/J11,0)) | I11: =IF(J11=0,0,ROUND(F11/J11,0)) | J11: 320 | K11: 83400 | L11: =IF(H11=0,"-",K11/H11) | M11: =G11-B11 | N11: =IF(B11=0,"-",(B11+D11-E11-F11)/B11)
A12: 45536 | B12: =G11 | C12: 20450 | D12: 7340 | E12: 2480 | F12: 10130 | G12: =B12+C12+D12-E12-F12 | H12: =IF(J12=0,0,ROUND(C12/J12,0)) | I12: =IF(J12=0,0,ROUND(F12/J12,0)) | J12: 320 | K12: 84300 | L12: =IF(H12=0,"-",K12/H12) | M12: =G12-B12 | N12: =IF(B12=0,"-",(B12+D12-E12-F12)/B12)
A13: 45566 | B13: =G12 | C13: 20800 | D13: 7460 | E13: 2520 | F13: 10220 | G13: =B13+C13+D13-E13-F13 | H13: =IF(J13=0,0,ROUND(C13/J13,0)) | I13: =IF(J13=0,0,ROUND(F13/J13,0)) | J13: 320 | K13: 85200 | L13: =IF(H13=0,"-",K13/H13) | M13: =G13-B13 | N13: =IF(B13=0,"-",(B13+D13-E13-F13)/B13)
A14: 45597 | B14: =G13 | C14: 21150 | D14: 7580 | E14: 2560 | F14: 10310 | G14: =B14+C14+D14-E14-F14 | H14: =IF(J14=0,0,ROUND(C14/J14,0)) | I14: =IF(J14=0,0,ROUND(F14/J14,0)) | J14: 320 | K14: 86100 | L14: =IF(H14=0,"-",K14/H14) | M14: =G14-B14 | N14: =IF(B14=0,"-",(B14+D14-E14-F14)/B14)
A15: 45627 | B15: =G14 | C15: 21500 | D15: 7700 | E15: 2600 | F15: 10400 | G15: =B15+C15+D15-E15-F15 | H15: =IF(J15=0,0,ROUND(C15/J15,0)) | I15: =IF(J15=0,0,ROUND(F15/J15,0)) | J15: 320 | K15: 87000 | L15: =IF(H15=0,"-",K15/H15) | M15: =G15-B15 | N15: =IF(B15=0,"-",(B15+D15-E15-F15)/B15)
A16: 45658 | B16: =G15 | C16: 21850 | D16: 7820 | E16: 2640 | F16: 10490 | G16: =B16+C16+D16-E16-F16 | H16: =IF(J16=0,0,ROUND(C16/J16,0)) | I16: =IF(J16=0,0,ROUND(F16/J16,0)) | J16: 320 | K16: 87900 | L16: =IF(H16=0,"-",K16/H16) | M16: =G16-B16 | N16: =IF(B16=0,"-",(B16+D16-E16-F16)/B16)
A17: 45689 | B17: =G16 | C17: 22200 | D17: 7940 | E17: 2680 | F17: 10580 | G17: =B17+C17+D17-E17-F17 | H17: =IF(J17=0,0,ROUND(C17/J17,0)) | I17: =IF(J17=0,0,ROUND(F17/J17,0)) | J17: 340 | K17: 88800 | L17: =IF(H17=0,"-",K17/H17) | M17: =G17-B17 | N17: =IF(B17=0,"-",(B17+D17-E17-F17)/B17)
... A26: 45962 | B26: =G25 | C26: 25350 | D26: 9020 | E26: 3040 | F26: 11390 | G26: =B26+C26+D26-E26-F26 | H26: =IF(J26=0,0,ROUND(C26/J26,0)) | I26: =IF(J26=0,0,ROUND(F26/J26,0)) | J26: 340 | K26: 96900 | L26: =IF(H26=0,"-",K26/H26) | M26: =G26-B26 | N26: =IF(B26=0,"-",(B26+D26-E26-F26)/B26)

Sheet Cohorts
A1: Cohort Retention (Heat Map)
A3: Retention % by cohort month; formulas use cohort-specific monthly churn assumptions.
A5: Cohort | B5: Monthly Churn | C5: M0 | D5: M1 | E5: M2 | F5: M3 | G5: M4 | H5: M5 | I5: M6 | J5: M7 | K5: M8 | L5: M9 | M5: M10 | N5: M11 | O5: M12
A6: 45292 | B6: 0.035 | C6: =1 | D6: =(1-$B6)^1 | E6: =(1-$B6)^2 | F6: =(1-$B6)^3 | G6: =(1-$B6)^4 | H6: =(1-$B6)^5 | I6: =(1-$B6)^6 | J6: =(1-$B6)^7 | K6: =(1-$B6)^8 | L6: =(1-$B6)^9 | M6: =(1-$B6)^10 | N6: =(1-$B6)^11 | O6: =(1-$B6)^12
A7: 45323 | B7: 0.036 | C7: =1 | D7: =(1-$B7)^1 | E7: =(1-$B7)^2 | F7: =(1-$B7)^3 | G7: =(1-$B7)^4 | H7: =(1-$B7)^5 | I7: =(1-$B7)^6 | J7: =(1-$B7)^7 | K7: =(1-$B7)^8 | L7: =(1-$B7)^9 | M7: =(1-$B7)^10 | N7: =(1-$B7)^11 | O7: =(1-$B7)^12
A8: 45352 | B8: 0.037 | C8: =1 | D8: =(1-$B8)^1 | E8: =(1-$B8)^2 | F8: =(1-$B8)^3 | G8: =(1-$B8)^4 | H8: =(1-$B8)^5 | I8: =(1-$B8)^6 | J8: =(1-$B8)^7 | K8: =(1-$B8)^8 | L8: =(1-$B8)^9 | M8: =(1-$B8)^10 | N8: =(1-$B8)^11 | O8: =(1-$B8)^12
A9: 45383 | B9: 0.038 | C9: =1 | D9: =(1-$B9)^1 | E9: =(1-$B9)^2 | F9: =(1-$B9)^3 | G9: =(1-$B9)^4 | H9: =(1-$B9)^5 | I9: =(1-$B9)^6 | J9: =(1-$B9)^7 | K9: =(1-$B9)^8 | L9: =(1-$B9)^9 | M9: =(1-$B9)^10 | N9: =(1-$B9)^11 | O9: =(1-$B9)^12
A10: 45413 | B10: 0.039 | C10: =1 | D10: =(1-$B10)^1 | E10: =(1-$B10)^2 | F10: =(1-$B10)^3 | G10: =(1-$B10)^4 | H10: =(1-$B10)^5 | I10: =(1-$B10)^6 | J10: =(1-$B10)^7 | K10: =(1-$B10)^8 | L10: =(1-$B10)^9 | M10: =(1-$B10)^10 | N10: =(1-$B10)^11 | O10: =(1-$B10)^12
A11: 45444 | B11: 0.04 | C11: =1 | D11: =(1-$B11)^1 | E11: =(1-$B11)^2 | F11: =(1-$B11)^3 | G11: =(1-$B11)^4 | H11: =(1-$B11)^5 | I11: =(1-$B11)^6 | J11: =(1-$B11)^7 | K11: =(1-$B11)^8 | L11: =(1-$B11)^9 | M11: =(1-$B11)^10 | N11: =(1-$B11)^11 | O11: =(1-$B11)^12
A12: 45474 | B12: 0.041 | C12: =1 | D12: =(1-$B12)^1 | E12: =(1-$B12)^2 | F12: =(1-$B12)^3 | G12: =(1-$B12)^4 | H12: =(1-$B12)^5 | I12: =(1-$B12)^6 | J12: =(1-$B12)^7 | K12: =(1-$B12)^8 | L12: =(1-$B12)^9 | M12: =(1-$B12)^10 | N12: =(1-$B12)^11 | O12: =(1-$B12)^12
A13: 45505 | B13: 0.042 | C13: =1 | D13: =(1-$B13)^1 | E13: =(1-$B13)^2 | F13: =(1-$B13)^3 | G13: =(1-$B13)^4 | H13: =(1-$B13)^5 | I13: =(1-$B13)^6 | J13: =(1-$B13)^7 | K13: =(1-$B13)^8 | L13: =(1-$B13)^9 | M13: =(1-$B13)^10 | N13: =(1-$B13)^11 | O13: =(1-$B13)^12
A14: 45536 | B14: 0.043 | C14: =1 | D14: =(1-$B14)^1 | E14: =(1-$B14)^2 | F14: =(1-$B14)^3 | G14: =(1-$B14)^4 | H14: =(1-$B14)^5 | I14: =(1-$B14)^6 | J14: =(1-$B14)^7 | K14: =(1-$B14)^8 | L14: =(1-$B14)^9 | M14: =(1-$B14)^10 | N14: =(1-$B14)^11 | O14: =(1-$B14)^12
A15: 45566 | B15: 0.044 | C15: =1 | D15: =(1-$B15)^1 | E15: =(1-$B15)^2 | F15: =(1-$B15)^3 | G15: =(1-$B15)^4 | H15: =(1-$B15)^5 | I15: =(1-$B15)^6 | J15: =(1-$B15)^7 | K15: =(1-$B15)^8 | L15: =(1-$B15)^9 | M15: =(1-$B15)^10 | N15: =(1-$B15)^11 | O15: =(1-$B15)^12
A16: 45597 | B16: 0.045 | C16: =1 | D16: =(1-$B16)^1 | E16: =(1-$B16)^2 | F16: =(1-$B16)^3 | G16: =(1-$B16)^4 | H16: =(1-$B16)^5 | I16: =(1-$B16)^6 | J16: =(1-$B16)^7 | K16: =(1-$B16)^8 | L16: =(1-$B16)^9 | M16: =(1-$B16)^10 | N16: =(1-$B16)^11 | O16: =(1-$B16)^12
A17: 45627 | B17: 0.046 | C17: =1 | D17: =(1-$B17)^1 | E17: =(1-$B17)^2 | F17: =(1-$B17)^3 | G17: =(1-$B17)^4 | H17: =(1-$B17)^5 | I17: =(1-$B17)^6 | J17: =(1-$B17)^7 | K17: =(1-$B17)^8 | L17: =(1-$B17)^9 | M17: =(1-$B17)^10 | N17: =(1-$B17)^11 | O17: =(1-$B17)^12

Sheet Dashboard
A1: Dashboard
A3: Key KPIs pulled from the Data tab (dummy data).
A5: KPI Summary
A6: Metric | B6: Value
A7: Current Ending MRR | B7: =Data!G28
A8: Net New MRR (Latest Month) | B8: =Data!M28
A9: NRR (Latest Month) | B9: =Data!N28
A10: Avg CAC (Last 6 Months) | B10: =AVERAGE(Data!L23:L28)
A11: Avg ARPA (Last 6 Months) | B11: =AVERAGE(Data!J23:J28)
A12: Monthly Churn Rate (Assumption) | B12: 0.04
A13: Gross Margin (Assumption) | B13: 0.8
A14: LTV | B14: =IF(B11=0,"-",B10*B12/B11)
A15: LTV / CAC | B15: =IF(B8=0,"-",B13/B8)
A16: CAC Payback (Months) | B16: =IF(B10*B12=0,"-",B8/(B10*B12))
A18: Cohort Retention Snapshot
A19: (Pulled from Cohorts tab)
A20: Cohort | B20: M0 | C20: M1 | D20: M2 | E20: M3 | F20: M4 | G20: M5
A21: =Cohorts!A12 | B21: =Cohorts!C12 | C21: =Cohorts!D12 | D21: =Cohorts!E12 | E21: =Cohorts!F12 | F21: =Cohorts!G12 | G21: =Cohorts!H12
A22: =Cohorts!A13 | B22: =Cohorts!C13 | C22: =Cohorts!D13 | D22: =Cohorts!E13 | E22: =Cohorts!F13 | F22: =Cohorts!G13 | G22: =Cohorts!H13
A23: =Cohorts!A14 | B23: =Cohorts!C14 | C23: =Cohorts!D14 | D23: =Cohorts!E14 | E23: =Cohorts!F14 | F23: =Cohorts!G14 | G23: =Cohorts!H14
A24: =Cohorts!A15 | B24: =Cohorts!C15 | C24: =Cohorts!D15 | D24: =Cohorts!E15 | E24: =Cohorts!F15 | F24: =Cohorts!G15 | G24: =Cohorts!H15
A25: =Cohorts!A16 | B25: =Cohorts!C16 | C25: =Cohorts!D16 | D25: =Cohorts!E16 | E25: =Cohorts!F16 | F25: =Cohorts!G16 | G25: =Cohorts!H16
A26: =Cohorts!A17 | B26: =Cohorts!C17 | C26: =Cohorts!D17 | D26: =Cohorts!E17 | E26: =Cohorts!F17 | F26: =Cohorts!G17 | G26: =Cohorts!H17
A28: MRR Bridge (New / Expansion / Churn vs Ending MRR)
A29: Chart uses last 12 months from Data tab.
